iter	Logloss
0	0.5341315587
1	0.4421291987
2	0.3763149897
3	0.324048392
4	0.2915167809
5	0.2618002733
6	0.2358535767
7	0.2178990364
8	0.2046601931
9	0.1841434797
